Hash,Method,Block,Age,From,To,Value,Txn_Fee
0x3e6e65c6afe66b10293b38960369beaa4afe52c95926560cb81de39fc073ea4f,Transfer,19383825,6 secs ago,0xE107d474...C499BD816,0xe8720989...7BfaC6065,0.006068633 ETH,0.00180537
