Hash,Method,Block,Age,From,To,Value,Txn_Fee
0x70f658a7dfeadf9a926f3100eaf0a00a25cd155b2ae6eca28904056c59e28a6e,Update State,19384974,9 secs ago,0x63881ac4...6ABb3e653,,0 ETH,0.02317659
0x977aaf714337d938b98cedfc9c005545d24bb99fbf40ae8231af972c207c24b0,Verify Availabil...,19384974,9 secs ago,0x63881ac4...6ABb3e653,,0 ETH,0.0081794
0x78b54da575770aae0ca473429619dbaf671d0e880fbca005ca5bec0c36d610b3,Update State,19384974,9 secs ago,0x63881ac4...6ABb3e653,,0 ETH,0.02860466
0x26598f5215ce5e622216f690a16a5e5c5ee434e1fee75cccd24a6e5f4b742692,Transfer,19384974,9 secs ago,Bybit: Hot Wallet,,0 ETH,0.00743842
0x9c5efc192537af7c552e466fef7583cd0840470bb0d7797e99990b9ee2710798,Transfer,19384974,9 secs ago,Bybit: Deposit Funder,0x4de1e97e...D3A575d55,0.027 ETH,0.00273615
0x3dee078e90313589d064d2009b64c3058e9fd1fb37e69a27c873f0bc4f5827d1,Transfer,19384974,9 secs ago,Binance 14,,0 ETH,0.00702513
0x876ec88a41da283453884f870a76d20a42974261a0bc617f6686d1f5dc6cd790,Transfer,19384974,9 secs ago,Binance 14,,0 ETH,0.00799946
0xde6a4e7f4112b63e9ea88aa3482bc06cc719524eedb4ac854cc6c5e7ea821640,Transfer,19384974,9 secs ago,Binance: Deposit Funder 3,0x712e8880...1b0D6cc93,0.015 ETH,0.00273615
0x6be7d4090e57445add1d3d62a86c8d1e8576128acacb9ef0c683047dfdf3fa25,Transfer,19384974,9 secs ago,Binance: Deposit Funder 3,0x26130744...5d1FCfa76,0.015 ETH,0.00273615
0xb76e20701141a3558d0bc95cc679bdd103571894fc97c065841f4b9300b4e1ea,Transfer,19384974,9 secs ago,Binance: Deposit Funder 3,0x16B6E4f4...26cdAB99e,0.015 ETH,0.00273615
